index_name,company_name,valid_from,valid_to
DAX,),2017-10-25,
DAX,Airbus SE,2021-09-20,
DAX,Allianz Deutsche Babcock MAN,1987-12-30,
DAX,BASF Deutsche Bank Mannesmann,1987-12-30,
DAX,BMW Henkel   Siemens,1987-12-30,
DAX,Bank* adidas-Salomon,1998-06-22,
DAX,Bay. Hypo-und Wechsel-,1998-06-22,
DAX,Bayer Deutsche Lufthansa Nixdorf,1987-12-30,
DAX,Bayer. Hypo- und Vereinsbank,1998-06-22,
DAX,Bayer. Hypo.- und Wechsel-Bank Dresdner Bank RWE,1987-12-30,
DAX,Bayerische Vereinsbank Feldmühle Nobel Schering,1987-12-30,
DAX,Brenntag SE,2021-09-20,
DAX,Commerzbank Hoechst Thyssen,1987-12-30,
DAX,Continental,2003-09-22,
DAX,Continental Karstadt Veba,1987-12-30,
DAX,Daimler-Benz Kaufhof Viag,1987-12-30,
DAX,DaimlerChrysler,1998-12-21,
DAX,Degussa,2000-12-18,
DAX,Degussa Linde Volkswagen,1987-12-30,
DAX,Degussa-Hüls,1999-03-22,2000-12-18
DAX,Deutsche Börse,2017-04-04,
DAX,Deutsche Börse (z. Umtausch,2016-07-18,2017-04-04
DAX,Deutsche Postbank Hannover Rückversicherung,2009-03-23,
DAX,Dr. Ing. h.c. F. Porsche VZOI Scout24,2025-09-22,
DAX,E.ON,2000-06-19,
DAX,HelloFresh SE,2021-09-20,
DAX,Hypo Real Estate Salzgitter,2008-12-22,
DAX,K+S,2008-09-22,
DAX,Merger / Spin-off,2026-06-22,
DAX,Metro,1996-07-22,
DAX,Metro Continental,2012-09-24,
DAX,Porsche Automobile Holding VZO,2021-09-20,
DAX,Preussag,1990-09-03,
DAX,Siemens Energy AG Hannover Rück SE,2022-03-21,
DAX,ThyssenKrupp,1999-03-25,
DAX,Vereinsbank Hypo Real Estate Holding,2005-12-19,
DAX,Viag* Infineon,2000-06-19,
DAX,announcement Deletion Addition,1987-12-30,
DAX,change,1987-12-30,
DAX,eingereichte Aktie),2016-07-18,2017-04-04
MDAX,(at the time of the introduction of HDAX®),1994-04-11,
MDAX,1+1 Drillisch AG,2018-09-24,
MDAX,AEG  DSL Holding KSB,1994-04-11,
MDAX,AG Stroeer SE,2015-12-21,
MDAX,AGIV Dürr LEIFHEIT,1994-04-11,
MDAX,AMB Aachen.u.Münchener Bet. FAG Kugelfischer G. Schäfer MOKSEL,1994-04-11,
MDAX,AMB Generali Gerresheimer,2008-12-22,
MDAX,AUTO1 Group,2024-12-23,
MDAX,AVA  Fresenius   PHILIPP HOLZMANN,1994-04-11,
MDAX,AXA Colonia Konzern Baader Wertpapierhandelsbank,2000-03-20,
MDAX,Aareal Bank AG Porsche Automobile Holding,2021-03-22,
MDAX,Aareal Bank ElringKlinger,2009-03-23,
MDAX,Adtran Holdings Software AG,2023-06-19,
MDAX,Airbus SE Befesa S.A.,2021-09-20,
MDAX,Alstria Office REIT,2016-03-21,
MDAX,Alstria Office REIT AG Delivery Hero AG,2018-06-18,
MDAX,Alstria Office REIT-AG,2018-09-24,
MDAX,Altana Degussa,2002-09-23,
MDAX,Altana ESCADA   Linotype-Hell,1994-04-11,
MDAX,Arcandor Hannover Rück,2009-09-21,
MDAX,Aroundtown,2023-12-18,
MDAX,Aroundtown SA Redcare Pharmacy,2023-06-19,
MDAX,Aumovio,2025-12-22,
MDAX,Auto1 Group SE Siltronic AG,2022-03-21,
MDAX,BERU,2001-09-24,
MDAX,BEWAG GEHE Salamander,1994-04-11,
MDAX,BEWAG Loewe,2001-12-27,
MDAX,BHF-Bank Gerresheimer Glas SAP,1994-04-11,
MDAX,BHW Holding Teleplan International,2003-03-24,
MDAX,Baader,2002-03-18,
MDAX,Babcock Borsig Aareal Bank,2002-09-23,
MDAX,Bankgesellschaft Berlin Friedrich GROHE   PWA,1994-04-11,
MDAX,Bankgesellschaft Berlin GILDEMEISTER,2001-12-27,
MDAX,Barmag Fried. Krupp AG Hoesch-Krupp Rheinelektra,1994-04-11,
MDAX,Beate Uhse,1999-12-20,
MDAX,Beate Uhse MEDION,2003-03-24,
MDAX,Bechtle AG,2018-09-24,
MDAX,Befesa,2023-12-18,
MDAX,Befesa SA,2024-12-23,
MDAX,Beiersdorf AG Encavis AG,2022-06-20,
MDAX,Beiersdorf Continental,2008-12-22,
MDAX,Beiersdorf GEA   RHEINMETALL,1994-04-11,
MDAX,Bilfinger,2024-03-18,
MDAX,Bilfinger + Berger Bau HEIDELBERGER ZEMENT Schmalbach-Lubeca,1994-04-11,
MDAX,Brau + Brunnen Celanese,2000-03-20,
MDAX,Brau und Brunnen Herlitz SPAR Handels,1994-04-11,
MDAX,Bremer Vulkan HOCHTIEF STRABAG,1994-04-11,
MDAX,Brenntag,2010-06-21,
MDAX,Brenntag SE Hypoport SE,2021-09-20,
MDAX,Buderus Hornbach Holding   Südzucker AG,1994-04-11,
MDAX,CKAG Colonia Konzern Horten VARTA,1994-04-11,
MDAX,COMPUTER 2000 IKB Deutsche Industriebank VEW,1994-04-11,
MDAX,Cancom SE Stabilus SE,2022-09-19,
MDAX,CargoLifter Klöckner-Werke,2002-09-23,
MDAX,Carl Zeiss Meditec,2026-03-23,
MDAX,Celesio AG Hella KgaA Hueck & Co,2015-09-21,
MDAX,Commerzbank AG,2018-09-24,
MDAX,Compugroup Med. RTL Group,2022-03-21,
MDAX,Continental MAN,2012-09-24,
MDAX,Covestro AG ProSiebenSat.1 Media SE,2018-03-19,
MDAX,DBV-Winterthur GfK,2000-03-20,
MDAX,DBV-Winterthur IVG Villeroy & Boch,1994-04-11,
MDAX,DEPFA Deutsche Pfandbriefbank IWKA Volksfürsorge,1994-04-11,
MDAX,DEPFA Dt. Pfandbriefbank INDUS Holding,2002-03-18,
MDAX,DIS Deutscher Industrie Serv. Thiel Logistik,2003-03-24,
MDAX,DLW  Klöckner-Werke Weru,1994-04-11,
MDAX,DOUGLAS HOLDING Kolbenschmidt Pierburg,1994-04-11,
MDAX,DWS Group GmbH & Co. KgaA,2025-03-24,
MDAX,Daimler Truck Holding Beiersdorf,2022-03-21,
MDAX,Demag Cranes KUKA,2011-09-19,
MDAX,Deutsche Babcock,1995-09-18,
MDAX,Deutsche EuroShop,2004-09-20,
MDAX,Deutsche EuroShop CompuGroup Medical SE,2019-09-23,
MDAX,Deutsche Pfandbriefbank AG Ströer SE & Co KgaA,2020-06-22,
MDAX,Deutsche Wohnen SE Puma SE,2022-12-19,
MDAX,Deutz,2026-03-23,
MDAX,Deutz Bauer,2008-09-22,
MDAX,Deutz GERRY WEBER Internat.,2002-03-18,
MDAX,Deutz Jungheinrich   WAYSS & FREYTAG,1994-04-11,
MDAX,Deutz Metro,2012-09-24,
MDAX,Didier-Werke Kampa-Haus WELLA,1994-04-11,
MDAX,Dr. Ing. h.c. F. Porsche   Krones,1994-04-11,
MDAX,Dr. Ing. h.c. F. Porsche VZOI,2025-09-22,
MDAX,Drägerwerk,2003-03-24,
MDAX,Duerr,2023-12-18,
MDAX,Dürr,2003-03-24,
MDAX,EADS,2003-03-24,
MDAX,EPCOS,2003-03-24,
MDAX,ESCADA,2003-03-24,
MDAX,Elmos Semiconductor,2026-06-22,
MDAX,Encavis,2024-09-23,
MDAX,Encavis AG,2021-09-20,
MDAX,Evotec,2024-12-23,
MDAX,Evotec AG,2018-09-24,
MDAX,Evotec SE,2024-09-23,
MDAX,FAG Kugelfischer G. Schäfer Zapf Creation,2001-12-27,
MDAX,Felten & Guilleaume Phoenix,1998-03-23,
MDAX,Fielmann,2003-03-24,2006-12-18
MDAX,Fielmann AG Varta AG,2019-12-23,
MDAX,Fielmann Group,2025-09-22,
MDAX,FlatexDEGIRO N,2025-03-24,
MDAX,Freenet AG,2018-09-24,
MDAX,Fresenius Pref Deutsche Postbank,2009-03-23,
MDAX,GAGFAH,2006-12-18,
MDAX,GEA Group,2025-09-22,
MDAX,GERRY WEBER Internat.,2003-03-24,
MDAX,Gerresheimer,2025-12-22,
MDAX,Gerry Weber Intern. AG Deutsche Pfandbriefbank AG,2015-09-21,
MDAX,Gold-Zack Mannheimer AG Holding,2002-09-23,
MDAX,Grand City Properties Hella GmbH + Co. KGAA,2022-09-19,
MDAX,Group),1996-11-18,
MDAX,Hannover Rueck Siemens Energy,2022-03-21,
MDAX,Hannover Rückversicherung Rational,2009-03-23,
MDAX,Heimwerkermärkte Holding,2006-03-20,
MDAX,Hella GmbH + Co. KGAA Sixt SE,2022-03-21,
MDAX,HelloFresh SE Jungheinrich AG,2021-09-20,
MDAX,Hellofresh AG,2025-12-22,
MDAX,Hochtief,2026-06-22,
MDAX,Hochtief AG,2021-09-20,
MDAX,Holdings NV Aroundtown SA,2018-03-19,
MDAX,Hugo Boss AG VZO Hugo Boss AG NA,2012-06-18,
MDAX,Hypo Real Estate Aareal Bank,2009-09-21,
MDAX,Hypo Real Estate Holding,2004-03-22,
MDAX,Hypoport,2024-09-23,
MDAX,IKB Deutsche Industriebank Demag Cranes,2008-03-25,
MDAX,IVG Immobilien GSW Immobilien,2011-09-19,
MDAX,Jenoptik,2026-03-23,
MDAX,Jungheinrich AG VZO Qiagen,2018-09-24,
MDAX,Jungheinrich Pref.,2026-06-22,
MDAX,KUKA BayWa,2009-09-21,
MDAX,Kabel Deutschland Holding,2015-12-21,
MDAX,Kampa-Haus WCM Bet.- u. Grundbesitz,1998-09-21,
MDAX,Karstadt Quelle,2001-03-19,
MDAX,Kiekert tecis Holding,2000-09-18,
MDAX,Krones AG,2023-12-18,
MDAX,Krones AG Puma SE,2018-06-18,
MDAX,Krupp Jenoptik,1998-12-21,
MDAX,Lahmeyer,1997-04-14,
MDAX,Lanxess AG Tag Immobilien,2012-09-24,
MDAX,Leoni AG  Siemens Health.,2018-09-24,
MDAX,Linotype-Hell Rhön-Klinikum,1996-09-23,
MDAX,MAN SE Covestro AG,2015-12-21,
MDAX,MTU Aero Engines AG Thyssenkrupp AG,2019-09-23,
MDAX,Mann./Ochs.,1994-04-11,
MDAX,Metro AG Encavis AG,2021-03-22,
MDAX,MorphoSys,2024-06-24,
MDAX,Morphosys,2024-03-18,
MDAX,Morphosys AG,2018-09-24,
MDAX,Münchener Rückversicherung Tarkett,1996-09-23,
MDAX,Nemetschek SE,2018-09-24,
MDAX,Nordex SE,2021-09-20,
MDAX,Norma Group SE Rational AG,2019-09-23,
MDAX,Porsche Automobil Holding pref,2026-06-22,
MDAX,Porsche Automobile Holding,2021-09-20,
MDAX,Praktiker Deutz,2011-09-19,
MDAX,Prosiebensat.1,2023-12-18,
MDAX,Puma,1996-09-23,
MDAX,Puma SE Zooplus AG,2021-09-20,
MDAX,Qiagen NV,2021-09-20,
MDAX,Rational,2024-03-18,
MDAX,Rational AG Grand City Properties S.A.,2017-09-18,
MDAX,Redcare Pharmacy,2026-06-22,
MDAX,Renk,2025-03-24,
MDAX,Rocket Internet Wacker Chemie,2020-09-21,
MDAX,Rütgers Kiekert,1997-03-24,
MDAX,SALAMANDER Hannover Rückversicherung,1997-03-24,
MDAX,SCHOTT Pharma,2025-03-24,
MDAX,SGL Carbon Kion Group,2014-09-22,
MDAX,SIXT,2024-06-24,
MDAX,SMA Solar Technology,2024-06-24,
MDAX,SPAR Handels-AG   Fraport,2001-09-24,
MDAX,STADA Arzneimittel,2001-07-23,
MDAX,Salzgitter,2026-03-23,
MDAX,Salzgitter Hypo Real Estate,2008-12-22,
MDAX,Sartorius AG VZ,2021-09-20,
MDAX,Schaeffler AG Dialog Semiconductor,2019-03-18,
MDAX,Schott Pharma,2024-09-23,
MDAX,Scout24,2025-09-22,
MDAX,Shop Apotheke Europe,2021-09-20,
MDAX,Siemens Energy AG Beiersdorf AG,2021-03-22,
MDAX,Siemens Energy AG HelloFresh SE,2022-09-19,
MDAX,Siemens Healthineers AG,2021-09-20,
MDAX,Siltronic,2025-03-24,
MDAX,Siltronic AG,2018-09-24,
MDAX,Siltronic AG Krones AG,2023-06-19,
MDAX,Sixt,1998-09-21,
MDAX,Software,1999-09-20,
MDAX,Software AG,2018-09-24,
MDAX,Stabilus,2024-12-23,
MDAX,Stada Arzneimittel AG Scout24 AG,2018-06-18,
MDAX,Steinhoff International,2018-03-19,
MDAX,Stroeer,2026-06-22,
MDAX,Stroeer SE + CO. KGAA UTD. Internet AG,2018-09-24,
MDAX,Suess Microtec,2026-06-22,
MDAX,Symrise AG,2021-09-20,
MDAX,Südzucker AG Rocket Internet SE,2018-03-19,
MDAX,TKMS,2025-12-22,
MDAX,TUI,2024-06-24,
MDAX,Talanx AG Sartorius AG VZO,2018-09-24,
MDAX,Tarkett Sommer Norddeutsche Affinerie,2001-03-19,
MDAX,TeamViewer,2026-03-23,
MDAX,Telefonica,2018-09-24,
MDAX,Teleplan International Comdirect bank,2003-09-22,
MDAX,Traton,2024-06-24,
MDAX,UTD. Internet AG Evotec SE,2023-06-19,
MDAX,Umtausch eingereichte Aktie) Wincor Nixdorf AG,2016-04-21,
MDAX,Uniper SE Adtran Holdings,2022-09-19,
MDAX,VARTA VCL Film + Medien,2000-03-20,
MDAX,VCL Film + Medien Salzgitter,2001-09-24,
MDAX,VEW MLP,1997-03-24,
MDAX,VICTORIA,1994-09-19,
MDAX,VZI Vantage Towers AG,2021-09-20,
MDAX,Verbio AG Jenoptik AG,2023-03-20,
MDAX,Vitesco Technologies Group,2024-03-18,
MDAX,Vivacon DEUTZ,2006-09-18,
MDAX,Volksfürsorge Vossloh,1997-09-22,
MDAX,Vonovia AG Lanxess AG,2015-09-21,
MDAX,WCM Bet.- u. Grundbesitz Premiere,2005-06-20,
MDAX,WELLA   Deutsche Postbank,2004-09-20,
MDAX,Wertpapierhandelsbank DIS Deutsch. Industrie Service,2002-03-18,
MDAX,Weru Fresenius Medical Care,1997-03-24,
MDAX,Zalando SE,2021-09-20,
MDAX,Zapf Creation WINCOR NIXDORF,2004-09-20,
MDAX,adidas,1996-03-18,
MDAX,announcement Deletion Addition,1994-04-11,
MDAX,asko Felten & Guilleaume Otto Reichelt,1994-04-11,
MDAX,asko Merck KgaA,1996-03-18,
MDAX,change,1994-04-11,
MDAX,eingereichte Aktie),2016-04-01,
MDAX,eingereichte Aktie) Rational AG,2016-08-11,
SDAX,* leaving SMAX® Segment,2002-04-08,
SDAX,"03.06,2026",2026-06-22,
SDAX,1&1 AG,2025-09-22,
SDAX,20/60,1999-06-21,
SDAX,4.     SDAX® INDEX COMPOSITION,1999-06-21,
SDAX,5.,2022-03-21,
SDAX,A.S. Création Tapeten Fuchs Petrolub   Norddeutsche Affinerie,1999-06-21,
SDAX,A.S. Création Tapeten Tarkett Sommer,2001-03-19,
SDAX,AG,2020-12-21,
SDAX,AG HOME24 SE,2020-12-21,
SDAX,AG JOST Werke AG,2018-03-19,
SDAX,AHAG,2001-09-24,
SDAX,AHAG Wertpapierhandelshaus,2000-09-18,
SDAX,APCOA Parking Gontard & MetallBank Pongs & Zahn,1999-06-21,
SDAX,APCOA Parking Power Automation,2001-03-19,
SDAX,ARQUES Industries,2008-06-23,
SDAX,ATOSS Software AG Secunet Security AG,2020-09-21,
SDAX,AUTO1 Group,2024-12-23,
SDAX,AZEGO elexis,2004-12-20,
SDAX,Aareal Bank AG Cropenergies AG,2022-09-19,
SDAX,About You Holding SE Deutsche Wohnen SE,2022-12-19,
SDAX,Adesso,2026-06-22,
SDAX,Adler Group S.A. Energiekontor,2022-09-19,
SDAX,Adler Real Estate AG,2020-03-23,
SDAX,Adolf Ahlers   GARDENA Holding   Nürnberger Beteiligungs-AG,1999-06-21,
SDAX,Adtran,2024-12-23,
SDAX,Adtran Holdings Uniper SE,2022-09-19,
SDAX,Air Berlin,2006-09-18,
SDAX,Allbecon GERRY WEBER International   Pfleiderer,1999-06-21,
SDAX,Amadeus Fire,2025-12-22,
SDAX,Amadeus Fire AG Bilfinger SE,2017-09-18,
SDAX,Amadeus GESCO Industrie Holding plettac,1999-06-21,
SDAX,Arndt,2002-03-18,
SDAX,Aroundtown Prosiebensat.1,2023-12-18,
SDAX,Aroundtown SA Steinhoff International Holdings,2018-03-19,
SDAX,Arques Holding Amadeus Fire,2010-03-22,
SDAX,Asta Energy Solutions,2026-06-22,
SDAX,Aumann AG Dermapharm Holding,2019-09-23,
SDAX,B.U.S Berzelius Umwelt-Ser.   Grammer Porta Systems,1999-06-21,
SDAX,B.U.S. Berzelius Umw.-Ser.  Ehlebracht,2002-03-18,
SDAX,BAUSCH HACH   R. Stahl,1999-06-21,
SDAX,BERU D+S europe,2005-12-19,
SDAX,BERU Hornbach Holding   Schlott,1999-06-21,
SDAX,BERU VCL Film + Medien,2001-09-24,
SDAX,Baader,1999-06-21,2000-03-20
SDAX,Baader,2005-09-19,
SDAX,Balda AG,2010-03-22,
SDAX,Balda Braas Monier,2014-09-22,
SDAX,Balda Gesco,2008-06-23,
SDAX,Basler,2023-09-18,
SDAX,Bau-Verein zu Hamburg,2002-03-18,
SDAX,Bau-Verein zu Hamburg Hans Einhell   RSE Grundb. U. Beteiligungs-,1999-06-21,
SDAX,Bauer Deutz,2008-09-22,
SDAX,BayWa,2024-09-23,
SDAX,BayWa AG Aroundtown SA,2017-09-18,
SDAX,BayWa AG comdirect bank AG,2019-12-23,
SDAX,BayWa Hypo Real Estate,2009-09-21,
SDAX,Beate Uhse DIC Asset,2006-06-19,
SDAX,Beate Uhse Hawesko Holding Salzgitter,1999-06-21,
SDAX,Bechtle AG Aurubis AG,2022-03-21,
SDAX,Befesa S.A. About You Holding AG,2021-09-20,
SDAX,Befesa SA,2024-12-23,
SDAX,Berentzen-Gruppe   HEINKEL Sanacorp Pharmahandel,1999-06-21,
SDAX,Berliner Elektro Holding   Herlitz Sartorius,1999-06-21,
SDAX,Bertrandt AG Medios AG,2020-09-21,
SDAX,Bien-Haus Hymer Schuler,1999-06-21,
SDAX,Bijou Brigitte mod. Accessoires INDUS Holding SG Holding,1999-06-21,
SDAX,Bilfinger,2024-03-18,
SDAX,Biotest   K & M Möbel Spütz,1999-06-21,
SDAX,Bonifatius Hospital &,1999-06-21,
SDAX,Borussia Dortmund,2026-06-22,
SDAX,Borussia Dortmund Encavis AG,2021-09-20,
SDAX,Brau + Brunnen Baader Wertpapierhandelsbank,2002-03-18,
SDAX,Brüder Mannesmann Börsenmakler Schnigge,2000-06-19,
SDAX,BÖWE SYSTEC Klöckner & Co.,2006-09-18,
SDAX,BÖWE SYSTEC Kässbohrer Geländefahrzeug Sto,1999-06-21,
SDAX,CENTROTEC Sustainable TAG Tegernsee,2006-12-18,
SDAX,Cap. MatchNet,2004-06-21,
SDAX,Carl Zeiss Meditec,2026-03-23,
SDAX,Carl Zeiss Meditec AG Knorr-Bremse AG,2018-12-27,
SDAX,CeWe Color Holding Kamps tecis Holding,1999-06-21,
SDAX,Cewe Color Holding Alstria,2007-06-18,
SDAX,CinemaxX HWAG,2000-12-18,
SDAX,CinemaxX Kaufring TFG Venture Capital,1999-06-21,
SDAX,Colonia Real Estate,2006-03-20,
SDAX,CompuGroup Medical SE Deutsche EuroShop,2019-09-23,
SDAX,"Concord Effekten Kling, Jelko, Dr. Dehmel",1999-06-21,
SDAX,Constantin Medien RTL Group,2013-06-24,
SDAX,Creaton   KNORR CAPITAL PARTNER VCL Film + Medien,1999-06-21,
SDAX,Creaton   STRATEC Biomedical Systems,2002-03-18,
SDAX,Cropenergies AG Suess Microtec SE,2021-03-22,
SDAX,Cropenergies AG Wüstenrot & Württembergische,2023-03-20,
SDAX,Curanum,2005-12-19,
SDAX,D+S Europe VTG,2008-09-22,
SDAX,D.Logistics HCI Capital,2005-12-19,
SDAX,DATA MODUL Köhler & Krenzer Fashion Villeroy & Boch,1999-06-21,
SDAX,DIC Asset AG Siltronic AG,2023-06-19,
SDAX,DIS Deutscher Industrie,1999-06-21,
SDAX,DIS Deutscher Industrie Serv.,2002-03-18,
SDAX,DIS Deutscher Industrie Serv. KWS SAAT,2006-06-19,
SDAX,DMG MORI AG Westwing Group,2020-12-21,
SDAX,DMG Mori AG ADVA Optical Networking SE,2019-03-18,
SDAX,DSL Holding Loewe,1999-09-17,
SDAX,DSL Holding M.A.X. Holding WESUMAT Holding,1999-06-21,
SDAX,DWS Group GmbH & Co.,2025-03-24,
SDAX,Delivery Hero AG Alstria Office REIT AG,2018-06-18,
SDAX,Delticom AG Koenig & Bauer AG,2015-06-22,
SDAX,Deutsche Beteiligungs AG Koenig & Bauer   Vivanco Gruppe,1999-06-21,
SDAX,Deutsche Beteiligungs AG Leoni AG,2021-03-22,
SDAX,Deutsche EuroShop,2003-07-14,
SDAX,Deutsche EuroShop Koenig & Bauer,2004-09-20,
SDAX,Deutsche Euroshop,2024-09-23,
SDAX,Deutsche Euroshop Nordex SE,2022-09-19,
SDAX,Deutz,2026-03-23,
SDAX,Deutz Praktiker,2011-09-19,
SDAX,Dialog Semiconductor Bechtle,2020-03-23,
SDAX,Dialog Semiconductor Schaeffler AG,2019-03-18,
SDAX,Diebold Nixdorf AG HelloFresh SE,2018-06-18,
SDAX,Douglas,2024-06-24,
SDAX,Dr. Hoenle AG Hensoldt AG,2020-12-21,
SDAX,Dr. Hönle AG SNP Schneider-Neureither &,2020-03-23,
SDAX,Dr. Scheller Cosmetics Ludwig Beck am Rathauseck WALTER,1999-06-21,
SDAX,Druckmaschinen AG,2020-03-23,
SDAX,Dt. Annington Immobilien Rational,2014-09-22,
SDAX,Dt. Steinzeug Cremer & Breuer LEIFHEIT VOGT electronic,1999-06-21,
SDAX,Dyckerhoff Tom Tailor,2010-06-21,
SDAX,Dürr ARQUES Industries,2005-09-19,
SDAX,EUROBIKE MWB Wertpapierhandelshaus,1999-06-21,
SDAX,Edscha Mannheimer AG Holding Winkler + Dünnebier,1999-06-21,
SDAX,Ehlebracht   Möbel WALTHER   Wünsche,1999-06-21,
SDAX,Elexis Derby Cycle,2011-09-19,
SDAX,Elmos Semiconductor,2026-06-22,
SDAX,Elmos Semiconductor AG ATOSS Software AG,2020-06-22,
SDAX,ElringKlinger CeWe Color,2009-03-23,
SDAX,Elringklinger AG Hochtief AG,2021-09-20,
SDAX,Encavis AG,2024-09-23,
SDAX,Encavis AG Hypoport SE,2022-06-20,
SDAX,Encavis AG Metro AG,2021-03-22,
SDAX,Evotec,2024-12-23,
SDAX,Evotec SE,2024-09-23,
SDAX,FIelmann Group,2026-03-23,
SDAX,Ferratum OYJ,2015-06-23,
SDAX,Fielmann Group,2025-09-22,
SDAX,FlatexDEGIRO N,2025-03-24,
SDAX,Formycon,2024-12-23,
SDAX,Fritz Nols Global Equity,1999-06-21,
SDAX,GERICOM Masterflex,2004-09-20,
SDAX,GERRY WEBER Internat.,2002-03-18,
SDAX,GSW Immobilien Prime Office Reit,2011-09-19,
SDAX,Gerresheimer,2025-12-22,
SDAX,Gerry Weber International,2018-03-19,
SDAX,Gesco AG WCM Beteiligungs- und,2015-12-21,
SDAX,Global Fashion Group,2020-09-21,
SDAX,Global Fashion Group Adesso SE,2022-03-21,
SDAX,Grand City Properties S.A. Delivery Hero AG,2017-09-18,
SDAX,Grenke AG,2021-06-21,
SDAX,Grundbesitz AG,2015-12-21,
SDAX,Grundbesitz- AG Rational AG,2017-09-18,
SDAX,HACH,2001-09-24,
SDAX,HACH   MPC Münchm. Peters. Capital,2001-06-18,
SDAX,HCI Capital Delticom,2008-12-22,
SDAX,HISTORICAL INDEX COMPOSITIONS OF EQUITY AND STRATEGY INDICES,1999-06-21,
SDAX,Hamburger Hafen und,2021-09-20,
SDAX,Hans Einhell,2002-03-18,
SDAX,Hawesko Holding SGL Carbon,2014-09-22,
SDAX,Heidelberger,2020-03-23,
SDAX,Heimwerkermärkte Holding,2006-02-21,
SDAX,Heimwerkermärkte Holding MEDION,2006-03-20,
SDAX,Heinkel,2002-03-18,
SDAX,Hella GmbH + Co. KGAA Grand City Properties,2022-09-19,
SDAX,HelloFresh Godewind Immobilien AG,2020-03-23,
SDAX,Hellofresh AG,2025-12-22,
SDAX,Hensoldt AG Heidelberger Druckmaschinen,2021-12-20,
SDAX,Hensoldt AG Software AG,2023-03-20,
SDAX,Herlitz,2002-03-18,
SDAX,Highlight Communications Kion Group,2013-09-23,
SDAX,Hochtief AG United Internet AG,2020-12-21,
SDAX,Holding AG Siemens Energy AG,2021-03-22,
SDAX,Holding SGL Carbon,2013-09-23,
SDAX,Holdings Fielmann AG,2019-12-23,
SDAX,Homag Group GSW Immobilien,2011-06-20,
SDAX,Home24 SE Vitesco Technologies Group,2021-12-20,
SDAX,Hornbach Baumarkt AG Aareal Bank AG,2021-03-22,
SDAX,Hornbach Baumarkt CENTROTEC Sustainable,2004-06-21,
SDAX,Hornbach Baumarkt Wüstenrot & Württembergische,2016-03-21,
SDAX,Hugo Boss AG Rational AG,2020-06-22,
SDAX,Hypoport,2024-09-23,
SDAX,Hypoport AG,2015-12-21,
SDAX,Hypoport SE Nordex SE,2021-09-20,
SDAX,IKB Loewe,2008-12-22,
SDAX,IM Internationalmedia pgam advanced technologies,2004-09-20,
SDAX,INDUS Holding,2002-03-18,
SDAX,INIT,2026-03-23,
SDAX,IONOS GROUP,2025-06-23,
SDAX,IONOS Group SE,2023-09-18,
SDAX,Instone Real Estate Group Varta AG,2022-12-19,
SDAX,Interhyp Centrotec Sustainable,2008-09-22,
SDAX,Jenoptik,2025-06-23,
SDAX,Jenoptik AG Verbio AG,2023-03-20,
SDAX,Jungheinrich AG PVA Tepla AG,2021-09-20,
SDAX,Jungheinrich Pref.,2026-06-22,
SDAX,KSB,2001-06-18,
SDAX,KUKA IVG Immobilien,2011-09-19,
SDAX,Kampa-Haus,2002-03-18,
SDAX,KgaA,2025-03-24,
SDAX,Kion Group Stabilus,2014-09-22,
SDAX,Klöckner-Werke,2008-12-22,
SDAX,Knorr-Bremse AG Salzgitter AG,2019-03-18,
SDAX,Koenig & Bauer Hornbach Baumarkt,2014-06-23,
SDAX,Krones AG Befesa,2023-12-18,
SDAX,Krones AG UTD. Internet AG,2023-06-19,
SDAX,Köhler & Krenzer Fashion  STADA Arzneimittel,2000-03-20,
SDAX,LPKF Laser & Electronics,2026-06-22,
SDAX,LPKF Laser & Electronics AG,2025-12-22,
SDAX,LPKF Laser+Electron. PNE AG,2022-06-20,
SDAX,Leoni AG FlatexDEGIRO AG,2020-12-21,
SDAX,Leoni AG Nagarro SE,2021-06-21,
SDAX,Loewe,2005-02-28,
SDAX,Loewe Wacker Constructions,2007-09-24,
SDAX,Loewe schlott gruppe,2004-12-20,
SDAX,Logistik Morphosys AG,2021-09-20,
SDAX,MBB,2025-05-09,
SDAX,MLP,2024-03-18,
SDAX,MLP SE CORESTATE Capital Holding S.A.,2018-03-19,
SDAX,MLP SE Dr. Hönle AG,2020-06-22,
SDAX,MPC Münchm. Petersen,2004-06-21,
SDAX,MVV Energie Maternus-Kliniken,2001-09-24,
SDAX,Mannheimer AG Holding STRATEC Biomedical Systems,2002-09-23,
SDAX,MatchNet) Interhyp,2005-12-19,
SDAX,MediGene AG BayWa AG,2019-03-18,
SDAX,Medion Schaltbau,2011-09-19,
SDAX,Medios,2025-06-23,
SDAX,Medios AG Elmos Semicond.,2022-12-19,
SDAX,Medios AG Secunet Security AG,2021-09-20,
SDAX,Metro AG Qiagen N.V.,2020-06-22,
SDAX,Morphosys,2024-03-18,
SDAX,Mutares,2025-05-09,
SDAX,NV,2018-03-19,
SDAX,Nagarro N,2025-05-09,
SDAX,New Work SE Mutares SE & Co.,2023-12-18,
SDAX,Nexus,2024-12-23,
SDAX,Norddeutsche Affinerie MediClin,2001-03-19,
SDAX,Nordex SE Osram Licht AG,2021-03-22,
SDAX,O.N. ADVA OPT.NETW.SE Z.VERK.,2022-02-03,
SDAX,OAR Consulting,2000-03-20,2002-04-08
SDAX,OAR Consulting Philipp Holzmann,2001-06-18,
SDAX,Osram Licht AG Fuchs Petrolub SE,2020-06-22,
SDAX,Ottobock,2025-12-22,
SDAX,PROCON MultiMedia,2002-10-03,
SDAX,PSI Software,2025-12-22,
SDAX,Partner,2020-03-23,
SDAX,Partner SE SGL Carbon SE,2021-03-22,
SDAX,Philipp Holzmann* -,2002-04-08,
SDAX,Phoenix fluxx.com,2005-03-21,
SDAX,Porta Systems RATIONAL,2000-06-19,
SDAX,Praktiker Bau- und,2006-03-20,
SDAX,Praktiker BayWa,2013-09-23,
SDAX,Procredit Holding,2025-05-09,
SDAX,Progress-Werk Oberkirch,2001-12-27,
SDAX,Prosiebensat.1 Media,2026-06-22,
SDAX,Puma SE DWS Group GmbH & Co. KgaA,2018-06-18,
SDAX,RINOL,2002-09-23,
SDAX,RSE Grundb. U. Beteilig. TAKKT,2000-06-19,
SDAX,RTL Group Compugroup Med.,2022-03-21,
SDAX,RTL Group Puma SE,2013-09-23,
SDAX,Rational AG Norma Group SE,2019-09-23,
SDAX,Rational AG Porsche Automobil Holding,2021-03-22,
SDAX,Redcare Pharmacy,2026-06-22,
SDAX,Redcare Pharmacy Aroundtown SA,2023-06-19,
SDAX,Renk,2025-03-24,
SDAX,Rocket Internet SE Südzucker AG,2018-03-19,
SDAX,SCHOTT Pharma,2025-03-24,
SDAX,SDAX® (1999),1999-06-21,
SDAX,SG Holding   Holsten-Brauerei,2000-09-18,
SDAX,SGL Carbon,2025-09-22,
SDAX,SGL Carbon SE Hensoldt AG,2022-06-20,
SDAX,SGL Carbon Steinhoff International Holdings,2020-03-23,
SDAX,SHW AG,2015-12-21,
SDAX,SIXT,2024-06-24,
SDAX,SKW Stahl-Metallurgie,2013-09-23,
SDAX,SMA Solar Technology,2024-06-24,
SDAX,SMT Scharf Dt. Annington Immobilien,2013-09-23,
SDAX,SNP Schneider-Neureither &,2021-03-22,
SDAX,SURTECO SM Wirtschaftsberatungs,2001-12-27,
SDAX,Salzgitter,2026-03-23,
SDAX,Salzgitter WIGE Media,2001-09-24,
SDAX,Sauer-Danfoss BayWa,2003-12-22,
SDAX,Schaltbau Holding Hapag-Lloyd,2016-03-21,
SDAX,Schott Pharma,2024-09-23,
SDAX,Scout24 AG Krones AG,2018-06-18,
SDAX,Secunet Security AG KSB,2023-12-18,
SDAX,Secunet Security Networks,2020-12-21,
SDAX,Senioren. CONDOMI,2000-06-19,
SDAX,Seniorenr. Kampa-Haus TA Triumph-Adler,1999-06-21,
SDAX,Service Leonische Drahtwerke VTG-LEHNKERING,1999-06-21,
SDAX,Services Neschen,1999-06-21,
SDAX,Siltronic,2025-03-24,
SDAX,Siltronic AG Auto1 Group SE,2022-03-21,
SDAX,Siltronic AG Duerr,2023-12-18,
SDAX,Sixt Leasing AG,2015-09-21,2016-03-21
SDAX,Sixt SE Hella GmbH + Co. KGAA,2022-03-21,
SDAX,Software AG Adtran Holdings,2023-06-19,
SDAX,Spark Network (former,2005-12-19,
SDAX,Springer Nature,2024-12-23,
SDAX,Stabilus,2024-12-23,
SDAX,Stabilus SE Cancom SE,2022-09-19,
SDAX,Steinhoff International,2019-12-23,2020-09-21
SDAX,Stratec,2025-05-09,
SDAX,Stroeer,2026-06-22,
SDAX,Stroeer SE Scout24 AG,2015-12-21,
SDAX,Ströer SE & Co KgaA Deutsche Pfandbriefbank AG,2020-06-22,
SDAX,Suess Microtec,2026-06-22,
SDAX,Suess Microtec SE Shop Apotheke Europe,2021-09-20,
SDAX,TAG Tegernsee WCM Bet.- u. Grundbesitz,2005-06-20,
SDAX,Takkt AG,2024-12-23,
SDAX,Takkt AG SGL Carbon SE,2022-09-19,
SDAX,TeamViewer,2026-03-23,
SDAX,Tecis Holding Masterflex,2000-09-18,
SDAX,Tele Columbus AG Amadeus FiRe AG,2019-03-18,
SDAX,Tele Columbus AG Grenke AG,2020-12-21,
SDAX,Telefonica Deutschland,2021-03-22,
SDAX,Teleplan Grammer,2005-09-19,
SDAX,Thielert SKW Stahl,2008-06-23,
SDAX,Thyssenkrupp Nucera,2023-09-18,
SDAX,Tom Tailor Holding AG Schaeffler AG,2015-12-21,
SDAX,Tonies,2025-12-22,
SDAX,Traton,2024-06-24,
SDAX,UTD Internet AG,2023-09-18,
SDAX,UZIN UTZ Turbon,2001-09-24,
SDAX,United Internet AG K+S AG,2022-03-21,
SDAX,VBH Pfleiderer,2010-06-21,
SDAX,VCL Film + Medien WEDECO,2000-03-20,
SDAX,VERBIO Vereinigte BioEnergie,2020-12-21,
SDAX,VIVA Media Zapf Creation,2004-09-20,
SDAX,VTG AG Varta AG,2019-03-18,
SDAX,VTG-LEHNKERING RINOL,2000-09-18,
SDAX,Vantage Towers AG Sto SE+Co. KGAA VZO,2021-09-20,
SDAX,Varta AG 1&1 Drillisch AG,2019-12-23,
SDAX,Verbio,2025-06-23,
SDAX,Verve,2026-06-22,
SDAX,Villeroy & Boch MLP,2010-06-21,
SDAX,Vincorion,2026-06-22,
SDAX,Vitesco Technologies Group,2024-03-18,
SDAX,Vivacon Tipp24,2009-06-22,
SDAX,Vossloh AG Eckert & Ziegler AG,2019-06-24,
SDAX,Vossloh AG Suse S.A.,2021-09-20,
SDAX,Vtg Capital Stage,2014-03-24,
SDAX,WALTER,2002-03-18,
SDAX,WCM Bet.- u. Grundbesitz MPC Münchm. Peters. Capital,2006-06-19,
SDAX,WCM Beteiligungs- und,2017-09-18,
SDAX,WEDECO Rohwedder,2000-09-18,
SDAX,WMF Württ. Metallwarenf.   TAG Tegerns. Imm.-u. Bet.,2001-12-27,
SDAX,WashTec,2002-12-23,
SDAX,WashTec AG ElringKlinger AG,2020-12-21,
SDAX,Wertpapierhandelsbank BERU,2005-09-19,
SDAX,Wertpapierhandelsbank Graphitwerk Kropfmühl Quante,1999-06-21,
SDAX,Wertpapierhandelshaus InnoTec TSS,2001-09-24,
SDAX,Wertph. UZIN UTZ,1999-06-21,
SDAX,Westwing Group GFT Technologies,2021-12-20,
SDAX,Wünsche Triplan,2001-12-27,
SDAX,Württembergische,2024-06-24,
SDAX,Württembergische AG,2020-12-21,
SDAX,Wüstenrot &,2020-12-21,
SDAX,ZEAL Network SE SCHOTT Pharma,2023-12-18,
SDAX,Zapf Creation PATRIZIA Immobilien,2006-06-19,
SDAX,Zooplus AG Synlab AG,2021-09-20,
SDAX,announcement Deletion Addition,1999-06-21,
SDAX,bet-at-home.com AG Aumann AG,2018-06-18,
SDAX,bmp,1999-09-17,
SDAX,change,1999-06-21,
SDAX,comdirect bank Teleplan International,2003-09-22,
SDAX,eff-eff Fritz Fuss Marseille-Kliniken WMF Württ. Metallwarenf.,1999-06-21,
SDAX,elexis MVV Energie Zapf Creation,1999-06-21,
SDAX,möbel WALTHER,2002-03-18,
SDAX,pgam advanced,2004-12-20,
SDAX,technologies Vivacon,2004-12-20,
TecDAX,1&1,2026-06-22,
TecDAX,AIXTRON IXOS Software QIAGEN,2003-03-24,
TecDAX,AT&S Jenoptik Repower Systems,2003-03-24,
TecDAX,AT&S Phoenix Solar,2008-03-25,
TecDAX,Adtran Holdings,2024-03-18,
TecDAX,BB Biotech Kontron SAP Systems Integration,2003-03-24,
TecDAX,BB Biotech Sartorius,2012-06-18,
TecDAX,Bechtle,2004-09-20,
TecDAX,COR+FJA AG Nordex United Internet,2003-03-24,
TecDAX,Drägerwerk   LION bioscience SCM Microsystems,2003-03-24,
TecDAX,ELMOS Semiconductor MediGene Singulus Technologies,2003-03-24,
TecDAX,EPCOS Micronas Semiconductor Software AG,2003-03-24,
TecDAX,Eckert+Ziegler,2024-03-18,
TecDAX,Energiekontor,2024-12-23,
TecDAX,Evotec OAI mobilcom T-Online International,2003-03-24,
TecDAX,GFT Technologies SE ISRA VISION AG,2018-03-19,
TecDAX,GPC Biotech Pfeiffer Vacuum WEB.DE,2003-03-24,
TecDAX,IDS Scheer Plambeck Neue Energien WEDECO,2003-03-24,
TecDAX,IONOS Group,2024-12-23,
TecDAX,IXOS Software Dialog Semiconductor,2004-03-22,
TecDAX,Infineon Dialog Semiconductor,2009-09-21,
TecDAX,Isra Vision TeamViewer AG,2019-12-23,
TecDAX,Kontron AG Nordex SE,2022-09-19,
TecDAX,LION bioscience QSC,2004-03-22,
TecDAX,LPKF Laser+Electron Süss Micro Tec AG,2016-03-21,
TecDAX,LPKF Laser+Electronics Vantage Towers AG,2021-09-20,
TecDAX,Manz AG,2014-03-24,
TecDAX,Manz Automation Süss MicroTec,2011-03-21,
TecDAX,MediGene ADVA Optical Networking,2006-09-18,
TecDAX,MediGene freenet.de,2003-09-22,
TecDAX,Medigene AG SAP SE,2018-09-24,
TecDAX,Micronas Semiconductor Q-Cells,2005-12-19,
TecDAX,Nagarro N,2026-06-22,
TecDAX,Nexus,2024-12-23,
TecDAX,Nordex Süss Micro Tec,2003-09-22,
TecDAX,PVA Tepla,2026-06-22,
TecDAX,Phoenix Solar PSI,2011-09-19,
TecDAX,Plambeck Neue Energien Teles,2003-09-22,
TecDAX,SAP Systems Integration Funkwerk,2004-09-20,
TecDAX,SCM Microsystems MorphoSys,2004-09-20,
TecDAX,SLM Solutions AG Deutsche Telekom AG,2018-09-24,
TecDAX,SMA Solar Technol. Infineon Tech. AG,2018-09-24,
TecDAX,SMA Solar Technology,2024-12-23,
TecDAX,SOLON Drillisch,2009-09-21,
TecDAX,Singulus Tec. BB Biotech,2012-09-24,
TecDAX,Singulus Technologies Manz Automation,2009-09-21,
TecDAX,Suess Microtec,2024-03-18,
TecDAX,Süss Micro Tec Nemetschek,2013-09-23,
TecDAX,TecDAX®,2003-03-24,
TecDAX,Verbio,2024-03-18,
TecDAX,Versatel Jenoptik,2008-12-22,
TecDAX,WEDECO Rofin-Sinar Technologies,2004-03-22,
TecDAX,announcement Deletion  Addition,2003-03-24,
TecDAX,change,2003-03-24,
TecDAX,freenet.de Carl Zeiss Meditec,2007-03-05,
